id,first_name,last_name,email,gender,ip_address
1,Beret,Ambrose,bambrose0@princeton.edu,Female,79.196.111.33
2,Pearle,Bannister,pbannister1@woothemes.com,Female,127.215.139.177
3,Dilan,Laycock,dlaycock2@apache.org,Male,39.251.51.70
4,Florence,Bolus,fbolus3@1und1.de,Female,180.83.115.190
5,Chiquia,Litton,clitton4@artisteer.com,Female,185.43.213.170
6,Cullie,Murrish,cmurrish5@sitemeter.com,Male,215.50.86.215
7,Ruprecht,Crowch,rcrowch6@hugedomains.com,Male,51.238.30.86
8,Konstanze,Honnicott,khonnicott7@google.it,Female,95.23.235.25
9,Phyllys,Sarsfield,psarsfield8@skyrock.com,Female,179.234.129.184
10,Robinett,Sinnocke,rsinnocke9@mac.com,Female,118.170.80.101
11,Oralee,Layfield,olayfielda@mapy.cz,Female,50.149.35.141
12,Beverly,Cumberlidge,bcumberlidgeb@japanpost.jp,Female,142.3.247.230
13,Trip,Tampion,ttampionc@sitemeter.com,Polygender,229.248.186.77
14,Agna,Crossingham,acrossinghamd@independent.co.uk,Female,123.42.93.46
15,Garrek,Botton,gbottone@marketwatch.com,Genderfluid,119.225.255.11
16,Margret,Ould,mouldf@acquirethisname.com,Female,102.224.96.12
17,Denise,Prier,dprierg@bloglines.com,Female,217.63.198.111
18,Judith,Shmyr,jshmyrh@google.cn,Female,31.160.45.193
19,Neddy,Geale,ngealei@nih.gov,Male,151.189.235.100
20,Charmain,Latimer,clatimerj@businesswire.com,Non-binary,48.162.62.41
21,Kasey,Snoxall,ksnoxallk@amazon.co.uk,Female,155.198.177.162
22,Herbie,Percifer,hperciferl@cornell.edu,Male,179.13.195.208
23,Noach,Velareal,nvelarealm@answers.com,Male,82.34.144.123
24,Bernadette,Slorance,bslorancen@prlog.org,Female,6.167.59.178
25,Guillemette,Lince,glinceo@ihg.com,Female,159.69.12.67
26,Leela,Dericut,ldericutp@bloglovin.com,Female,249.145.118.74
27,Emmit,Cornehl,ecornehlq@ocn.ne.jp,Male,2.68.5.175
28,Karissa,Hub,khubr@goo.ne.jp,Female,33.13.145.129
29,Bengt,Durward,bdurwards@oakley.com,Male,159.48.191.172
30,Sara,Fuxman,sfuxmant@51.la,Female,174.188.26.57
31,Barby,Gebhardt,bgebhardtu@posterous.com,Female,13.198.166.166
32,Jenni,Westcott,jwestcottv@eventbrite.com,Female,201.43.199.73
33,Land,Leveritt,lleverittw@mac.com,Male,200.98.216.4
34,Beckie,Boyson,bboysonx@mashable.com,Bigender,218.174.104.131
35,Towney,Dossantos,tdossantosy@ed.gov,Male,7.91.100.108
36,Audie,Probey,aprobeyz@webeden.co.uk,Female,93.246.9.111
37,Daune,Moynihan,dmoynihan10@geocities.com,Female,154.157.0.77
38,Fey,Rodinger,frodinger11@upenn.edu,Female,222.157.219.164
39,Deane,Duffyn,dduffyn12@businessinsider.com,Male,217.180.238.175
40,Augusta,Avieson,aavieson13@disqus.com,Female,140.189.236.236
41,My,Burnyate,mburnyate14@latimes.com,Male,73.154.215.50
42,Milicent,Masurel,mmasurel15@webmd.com,Female,121.132.124.147
43,Christophe,Sherborne,csherborne16@amazon.co.jp,Male,220.90.115.169
44,Enid,Ovenell,eovenell17@bbc.co.uk,Female,85.128.195.127
45,Kristian,Pressey,kpressey18@usda.gov,Male,193.65.231.109
46,Kimmy,Yabsley,kyabsley19@pcworld.com,Female,155.170.7.171
47,Joana,McSkeagan,jmcskeagan1a@gizmodo.com,Female,122.220.245.216
48,Mattias,Ditts,mditts1b@zimbio.com,Male,222.23.45.78
49,Veriee,Hadcock,vhadcock1c@yahoo.co.jp,Female,121.193.153.23
50,Meyer,Tourner,mtourner1d@microsoft.com,Male,245.238.245.13
51,Alanson,Phillott,aphillott1e@histats.com,Bigender,178.75.174.88
52,Kenn,Hallstone,khallstone1f@amazon.co.uk,Male,229.44.179.38
53,Berrie,Surman,bsurman1g@sun.com,Female,207.220.1.31
54,Shaylynn,Temby,stemby1h@paypal.com,Female,69.138.184.26
55,Kelsey,Crumly,kcrumly1i@discovery.com,Female,152.61.56.39
56,Leo,Amy,lamy1j@desdev.cn,Male,213.56.200.37
57,Arnuad,Dryden,adryden1k@telegraph.co.uk,Male,249.199.97.120
58,Pernell,Fittes,pfittes1l@t-online.de,Male,114.254.80.182
59,Brewster,St. Ledger,bstledger1m@ucoz.ru,Male,147.127.32.21
60,Evy,Markos,emarkos1n@parallels.com,Female,224.20.222.196
61,Emilie,Parkinson,eparkinson1o@opera.com,Female,179.124.231.46
62,Carolin,Gulston,cgulston1p@joomla.org,Female,29.13.29.55
63,Faustine,Dargavel,fdargavel1q@liveinternet.ru,Female,240.20.7.57
64,Koressa,Spikings,kspikings1r@yelp.com,Polygender,52.168.201.137
65,Fianna,Maben,fmaben1s@yahoo.co.jp,Female,3.132.59.61
66,Theodor,Pakes,tpakes1t@mozilla.com,Agender,63.25.240.138
67,Dale,Van der Baaren,dvanderbaaren1u@cloudflare.com,Male,179.147.41.185
68,Jori,Bruin,jbruin1v@istockphoto.com,Female,154.1.35.92
69,Belvia,Cooley,bcooley1w@mit.edu,Female,51.122.69.13
70,Brigid,Cunnell,bcunnell1x@narod.ru,Female,194.177.148.170
71,Christabella,Cowdray,ccowdray1y@wikipedia.org,Female,86.84.133.57
72,Jerrilee,Whittles,jwhittles1z@nyu.edu,Female,42.182.157.195
73,Sela,Lineham,slineham20@ocn.ne.jp,Female,247.22.25.84
74,Morly,Gelling,mgelling21@51.la,Male,79.20.154.235
75,Elita,Durn,edurn22@bing.com,Female,249.60.134.145
76,Britt,Rowswell,browswell23@bloomberg.com,Male,104.64.79.16
77,Freddi,Norker,fnorker24@ed.gov,Polygender,204.254.129.194
78,Osborne,Ludl,oludl25@wikia.com,Male,77.105.27.235
79,Luigi,Beeck,lbeeck26@cbc.ca,Male,77.1.142.65
80,Cathrine,Clemo,cclemo27@last.fm,Female,128.153.22.25
81,Wilona,Passey,wpassey28@cisco.com,Female,140.108.72.234
82,Celestyna,Corday,ccorday29@msu.edu,Female,147.10.125.17
83,Sammy,Sempill,ssempill2a@cisco.com,Genderqueer,239.207.44.132
84,Laurent,Caff,lcaff2b@dailymail.co.uk,Male,107.98.9.97
85,Nap,Chuck,nchuck2c@mysql.com,Male,181.96.232.89
86,Randi,Boothe,rboothe2d@cocolog-nifty.com,Female,146.86.227.82
87,Jonell,Heaney`,jheaney2e@goo.ne.jp,Female,30.45.208.199
88,Yovonnda,Rumke,yrumke2f@gmpg.org,Female,180.115.29.18
89,Orrin,Spratt,ospratt2g@gravatar.com,Male,3.148.226.104
90,Berrie,Upton,bupton2h@chronoengine.com,Female,195.23.177.168
91,Casper,Beernt,cbeernt2i@is.gd,Agender,234.171.192.104
92,Eveline,Van de Vlies,evandevlies2j@bigcartel.com,Female,153.188.173.177
93,Camila,Chilcott,cchilcott2k@seattletimes.com,Female,5.171.94.22
94,Ethelbert,Parlot,eparlot2l@tmall.com,Male,75.191.37.147
95,Henderson,Bygott,hbygott2m@state.gov,Bigender,115.40.198.74
96,Obed,Pettis,opettis2n@sitemeter.com,Male,33.181.16.81
97,Gradey,Brambill,gbrambill2o@princeton.edu,Male,93.35.136.25
98,Celinda,Rosier,crosier2p@cmu.edu,Female,148.157.217.24
99,Gasper,Carleman,gcarleman2q@soundcloud.com,Male,116.171.177.138
100,Fraze,Cockshoot,fcockshoot2r@naver.com,Male,143.50.30.224
101,Zea,Douberday,zdouberday2s@google.nl,Female,39.223.213.217
102,Bernetta,Frowd,bfrowd2t@imgur.com,Female,118.25.159.187
103,Saree,Dowling,sdowling2u@mediafire.com,Female,131.196.158.97
104,Orelee,Bidnall,obidnall2v@mtv.com,Female,209.234.86.240
105,Jerome,Bullimore,jbullimore2w@ucoz.ru,Male,34.235.233.48
106,Maje,Hawtry,mhawtry2x@wsj.com,Male,15.60.156.49
107,Yuri,Croizier,ycroizier2y@paypal.com,Male,244.23.249.101
108,Cybill,Miskimmon,cmiskimmon2z@cbslocal.com,Female,132.91.71.145
109,Thedrick,Tupper,ttupper30@soundcloud.com,Male,245.238.251.254
110,Herold,Gook,hgook31@loc.gov,Male,42.43.232.177
111,Pauline,Woonton,pwoonton32@chicagotribune.com,Female,227.161.82.172
112,Hadleigh,Casseldine,hcasseldine33@dmoz.org,Male,92.219.254.221
113,Jere,Crighten,jcrighten34@ucsd.edu,Female,164.27.234.160
114,Lanny,Belfelt,lbelfelt35@nytimes.com,Male,159.249.18.230
115,Jaquenette,Chataignier,jchataignier36@time.com,Female,116.103.221.99
116,Olenka,Jewks,ojewks37@un.org,Female,40.128.195.99
117,Linnet,Tolcharde,ltolcharde38@artisteer.com,Female,1.160.71.249
118,Barnebas,Nutt,bnutt39@de.vu,Male,133.162.98.13
119,Ramsey,Kerkham,rkerkham3a@360.cn,Agender,111.71.70.230
120,Kelby,Murray,kmurray3b@i2i.jp,Male,76.194.38.223
121,Dyana,Merrikin,dmerrikin3c@usnews.com,Female,204.6.159.120
122,Shana,Filewood,sfilewood3d@bravesites.com,Female,162.91.53.170
123,Basilio,Thonger,bthonger3e@ifeng.com,Male,224.229.148.42
124,Rosanna,Ewings,rewings3f@reverbnation.com,Female,121.129.0.213
125,Ann,Sowle,asowle3g@smugmug.com,Genderfluid,180.72.68.92
126,Lari,De Giorgis,ldegiorgis3h@mozilla.org,Female,37.240.21.75
127,Isacco,Burdytt,iburdytt3i@senate.gov,Male,112.247.13.202
128,Carmelina,Brabben,cbrabben3j@friendfeed.com,Female,234.102.236.131
129,Bernetta,Bouzan,bbouzan3k@networkadvertising.org,Female,7.233.73.98
130,Milo,Quinnell,mquinnell3l@ca.gov,Male,227.126.183.151
131,Channa,Leathers,cleathers3m@unblog.fr,Bigender,124.242.21.39
132,Corenda,Boyles,cboyles3n@pinterest.com,Genderfluid,249.150.233.116
133,Hart,Silverlock,hsilverlock3o@goodreads.com,Male,114.164.129.229
134,Jillana,Lindenblatt,jlindenblatt3p@aboutads.info,Female,242.12.150.19
135,Clyve,Baigrie,cbaigrie3q@berkeley.edu,Agender,110.243.60.89
136,Carling,Abrahams,cabrahams3r@studiopress.com,Male,57.70.73.95
137,Myra,Forten,mforten3s@usatoday.com,Female,52.12.116.108
138,Olympie,Lowless,olowless3t@foxnews.com,Female,105.112.193.124
139,Philippa,Currin,pcurrin3u@unicef.org,Female,140.4.170.45
140,Vincents,Skelhorne,vskelhorne3v@bing.com,Male,215.43.9.94
141,Krispin,Steel,ksteel3w@bigcartel.com,Male,8.92.170.184
142,Robin,Hugenin,rhugenin3x@vinaora.com,Female,255.48.241.88
143,Lexi,Gore,lgore3y@yahoo.com,Female,51.186.185.207
144,Trenton,Larn,tlarn3z@foxnews.com,Male,249.60.105.195
145,Dore,Snipe,dsnipe40@latimes.com,Female,137.112.115.3
146,Sauncho,Cuzen,scuzen41@miitbeian.gov.cn,Polygender,200.108.23.31
147,Misha,De Haven,mdehaven42@a8.net,Female,57.175.80.132
148,Dew,Travers,dtravers43@trellian.com,Male,77.184.172.2
149,Rolland,Beckett,rbeckett44@simplemachines.org,Male,36.104.108.102
150,Rebeka,Schruyer,rschruyer45@rediff.com,Female,243.86.131.211
151,Enoch,Bernade,ebernade46@unicef.org,Genderqueer,227.152.158.126
152,Borg,Hateley,bhateley47@weebly.com,Male,133.164.104.204
153,Denny,Brazenor,dbrazenor48@163.com,Male,45.52.9.187
154,Yolande,Dionis,ydionis49@economist.com,Female,68.78.218.116
155,Dania,Pennetti,dpennetti4a@google.com.br,Female,134.162.80.10
156,Keith,Foskett,kfoskett4b@ameblo.jp,Male,152.156.182.139
157,Windham,Glewe,wglewe4c@barnesandnoble.com,Male,174.9.185.131
158,Amalita,McJury,amcjury4d@army.mil,Genderqueer,62.12.171.24
159,Margery,Metts,mmetts4e@sphinn.com,Female,192.101.1.75
160,Aloysius,Jukubczak,ajukubczak4f@hhs.gov,Male,3.222.13.162
161,Fedora,Bodicam,fbodicam4g@edublogs.org,Agender,231.229.208.7
162,Carr,Ashe,cashe4h@state.tx.us,Male,65.56.72.14
163,Virgie,Taber,vtaber4i@blog.com,Male,175.203.181.190
164,Ive,Triggle,itriggle4j@biglobe.ne.jp,Male,146.83.200.128
165,Ethelin,Mushawe,emushawe4k@forbes.com,Female,249.69.179.97
166,Fred,Brando,fbrando4l@ihg.com,Male,247.33.248.255
167,Jessey,Dockerty,jdockerty4m@marriott.com,Male,76.55.44.32
168,Cris,Dumbreck,cdumbreck4n@hao123.com,Female,141.59.22.127
169,Pansie,Barnwall,pbarnwall4o@google.fr,Female,206.83.175.68
170,Germain,Bolesma,gbolesma4p@accuweather.com,Male,155.33.56.13
171,Ruthie,Sprott,rsprott4q@adobe.com,Female,154.96.211.69
172,Arley,Yantsev,ayantsev4r@usnews.com,Male,202.205.7.86
173,Kirbee,Piggens,kpiggens4s@rambler.ru,Female,174.106.164.86
174,Alexis,Stenton,astenton4t@amazonaws.com,Male,131.138.171.175
175,Xavier,Binge,xbinge4u@baidu.com,Male,177.133.5.16
176,Hall,Pilch,hpilch4v@comcast.net,Male,254.137.58.175
177,Ailina,Garron,agarron4w@domainmarket.com,Female,250.125.145.149
178,Fitz,Lehrmann,flehrmann4x@addtoany.com,Male,32.108.104.199
179,Briano,Mills,bmills4y@gizmodo.com,Male,175.41.36.54
180,Briana,Howell,bhowell4z@tripod.com,Female,22.45.58.102
181,Lynn,MacCrann,lmaccrann50@ted.com,Male,192.245.134.112
182,Kareem,Davenell,kdavenell51@berkeley.edu,Male,99.213.50.44
183,Geoff,Lube,glube52@slideshare.net,Male,120.39.193.210
184,Renae,Rollason,rrollason53@woothemes.com,Female,22.172.218.232
185,Christal,Gardner,cgardner54@answers.com,Female,91.189.218.82
186,Evelina,Linstead,elinstead55@loc.gov,Female,64.62.176.230
187,Bobbe,Maldin,bmaldin56@wunderground.com,Female,212.103.160.95
188,Gertrudis,Clears,gclears57@mysql.com,Female,185.123.62.13
189,Theo,McClenan,tmcclenan58@ca.gov,Female,114.249.194.201
190,Kala,Pagitt,kpagitt59@cnbc.com,Female,175.14.87.126
191,Alain,Darben,adarben5a@infoseek.co.jp,Male,5.173.248.131
192,Chalmers,Btham,cbtham5b@pinterest.com,Male,8.229.63.114
193,Dana,Dallimare,ddallimare5c@nasa.gov,Male,169.78.113.135
194,Kylie,Warrener,kwarrener5d@businessweek.com,Female,143.174.175.112
195,Ellissa,Cornthwaite,ecornthwaite5e@mtv.com,Female,134.211.148.139
196,Alastair,Leisman,aleisman5f@yahoo.co.jp,Male,29.215.5.32
197,Rochette,Hawthorne,rhawthorne5g@tripadvisor.com,Polygender,220.115.52.98
198,Roze,Dabel,rdabel5h@google.fr,Female,17.90.101.244
199,Carlita,Clowney,cclowney5i@uiuc.edu,Female,156.46.178.129
200,Doris,Fandrich,dfandrich5j@example.com,Female,144.189.175.66
201,Marcellina,Bovis,mbovis5k@narod.ru,Female,177.244.120.29
202,Lovell,Strongitharm,lstrongitharm5l@xing.com,Male,241.119.47.29
203,Janina,Durbann,jdurbann5m@nifty.com,Female,224.58.69.215
204,Kristofer,Sievewright,ksievewright5n@admin.ch,Male,236.240.146.6
205,Robbi,Wistance,rwistance5o@wired.com,Female,186.70.109.225
206,Margarette,Nottingam,mnottingam5p@mozilla.org,Bigender,64.175.216.208
207,Tammy,Piotr,tpiotr5q@msu.edu,Female,116.130.0.20
208,Shellysheldon,Honeywood,shoneywood5r@myspace.com,Male,20.179.17.101
209,Bertrand,Lorking,blorking5s@umich.edu,Male,188.96.107.29
210,Korella,Avramovsky,kavramovsky5t@samsung.com,Female,56.77.164.45
211,Beverly,Boustred,bboustred5u@google.fr,Female,78.173.124.208
212,Alejandro,Gossipin,agossipin5v@abc.net.au,Male,125.189.16.110
213,Estrella,Woolens,ewoolens5w@phpbb.com,Female,105.247.156.132
214,Sandie,Sonier,ssonier5x@ifeng.com,Female,67.87.186.133
215,Celine,Longland,clongland5y@usda.gov,Female,84.232.77.247
216,Fionnula,Cleen,fcleen5z@who.int,Female,253.102.99.53
217,Hillard,Binning,hbinning60@nhs.uk,Male,63.145.67.132
218,Eduino,Harefoot,eharefoot61@forbes.com,Agender,174.136.231.58
219,Nissie,Holywell,nholywell62@oracle.com,Female,195.102.130.18
220,Paula,Piatti,ppiatti63@admin.ch,Non-binary,6.56.33.245
221,Odelia,Densell,odensell64@bing.com,Female,46.42.126.105
222,Siffre,Dassindale,sdassindale65@mashable.com,Male,101.123.153.163
223,Fabe,Adamsky,fadamsky66@un.org,Male,195.90.40.78
224,Shadow,Wybrow,swybrow67@dyndns.org,Male,162.2.169.4
225,Waly,Vondruska,wvondruska68@hp.com,Female,194.28.160.183
226,Bamby,Thomas,bthomas69@newyorker.com,Female,0.111.164.89
227,Nolly,Anfusso,nanfusso6a@jalbum.net,Male,8.36.5.144
228,Helenelizabeth,Meneyer,hmeneyer6b@symantec.com,Female,35.53.3.148
229,Diane,Ohanessian,dohanessian6c@timesonline.co.uk,Genderfluid,37.246.125.94
230,Doretta,Alchin,dalchin6d@tumblr.com,Female,186.148.61.0
231,Cathryn,Lippitt,clippitt6e@scribd.com,Female,106.30.196.134
232,Gussie,Gebhardt,ggebhardt6f@techcrunch.com,Female,179.66.224.5
233,Ralf,Petriello,rpetriello6g@theglobeandmail.com,Male,121.211.141.52
234,Ben,Edgecombe,bedgecombe6h@gnu.org,Male,98.197.197.119
235,Lucita,Hansell,lhansell6i@whitehouse.gov,Female,241.225.245.65
236,Petr,Birden,pbirden6j@cafepress.com,Male,30.19.144.41
237,Parry,Malshinger,pmalshinger6k@nasa.gov,Male,49.223.45.62
238,Terry,Puckey,tpuckey6l@dailymail.co.uk,Female,96.133.44.156
239,Aldridge,Mettricke,amettricke6m@bigcartel.com,Male,195.216.153.181
240,Judah,Memory,jmemory6n@yellowpages.com,Male,90.221.99.95
241,Wylma,Haggish,whaggish6o@ycombinator.com,Female,108.50.122.222
242,Ivor,Raubenheimers,iraubenheimers6p@newyorker.com,Male,49.201.208.34
243,Ellary,Deary,edeary6q@unc.edu,Male,185.108.39.14
244,Wittie,Wolfarth,wwolfarth6r@google.it,Male,175.214.148.224
245,Elisabeth,Dorre,edorre6s@vkontakte.ru,Female,140.118.247.114
246,Wenonah,Dent,wdent6t@people.com.cn,Female,20.129.117.186
247,Loraine,Jados,ljados6u@washington.edu,Female,40.64.48.104
248,Lacey,Grebbin,lgrebbin6v@marketwatch.com,Female,219.145.195.250
249,Micheal,Littlemore,mlittlemore6w@craigslist.org,Male,169.228.149.115
250,Shirline,Greenhalgh,sgreenhalgh6x@istockphoto.com,Female,131.214.163.189
251,Marissa,Breach,mbreach6y@slideshare.net,Non-binary,78.171.55.46
252,Charmane,Lapping,clapping6z@nhs.uk,Female,82.26.2.231
253,Lombard,Godman,lgodman70@cdbaby.com,Male,215.255.173.79
254,Ward,Kingzet,wkingzet71@java.com,Male,17.109.28.238
255,Cyndy,Laflin,claflin72@geocities.jp,Female,78.91.76.69
256,Rikki,Snoad,rsnoad73@indiegogo.com,Female,84.236.220.215
257,Averil,Brooker,abrooker74@geocities.com,Female,42.38.53.180
258,Sascha,Rain,srain75@omniture.com,Female,231.206.222.219
259,Ferdinand,Franzoli,ffranzoli76@etsy.com,Male,19.127.219.204
260,Tedi,Vaughan,tvaughan77@bizjournals.com,Female,188.57.203.134
261,Ambrose,Monro,amonro78@yellowpages.com,Male,212.210.68.26
262,Winslow,Sweetnam,wsweetnam79@ucsd.edu,Male,100.239.27.69
263,Meade,Ivanusyev,mivanusyev7a@indiegogo.com,Female,117.248.106.225
264,Rab,Winsper,rwinsper7b@alexa.com,Male,225.87.50.67
265,Barbaraanne,Lillecrap,blillecrap7c@edublogs.org,Female,211.138.80.211
266,Mavra,Sibille,msibille7d@yellowpages.com,Female,118.37.168.38
267,Jennie,Squier,jsquier7e@hibu.com,Female,32.221.188.254
268,Tess,Lehr,tlehr7f@usgs.gov,Female,80.189.4.188
269,Jorge,Ferguson,jferguson7g@cdbaby.com,Male,152.147.0.212
270,Antonie,Dennington,adennington7h@bbb.org,Female,118.248.190.66
271,Emlyn,Lenthall,elenthall7i@cdc.gov,Male,164.83.11.236
272,Malva,Zanni,mzanni7j@hc360.com,Female,232.157.3.240
273,Lief,Rowan,lrowan7k@ebay.co.uk,Genderfluid,69.38.246.118
274,Adeline,Gwyneth,agwyneth7l@oracle.com,Non-binary,241.213.80.149
275,Annemarie,Wickins,awickins7m@discuz.net,Genderfluid,120.7.188.169
276,Ethelind,Polo,epolo7n@sphinn.com,Female,175.49.194.176
277,West,Verrill,wverrill7o@shop-pro.jp,Male,129.250.111.135
278,Yves,Ritmeyer,yritmeyer7p@imageshack.us,Male,23.107.229.183
279,Kristin,Utting,kutting7q@howstuffworks.com,Bigender,229.186.198.118
280,Coriss,Pallaske,cpallaske7r@cisco.com,Female,226.90.57.166
281,Emmet,Betham,ebetham7s@dedecms.com,Male,31.1.31.142
282,Demetris,Jaycock,djaycock7t@nba.com,Male,28.99.64.228
283,Gusti,Worrell,gworrell7u@geocities.com,Female,27.164.79.66
284,Joellyn,Scolland,jscolland7v@comcast.net,Female,18.130.52.76
285,Ron,Blackadder,rblackadder7w@virginia.edu,Male,36.53.172.186
286,Emerson,Vann,evann7x@yellowbook.com,Polygender,150.195.250.251
287,Goldia,Daniely,gdaniely7y@rambler.ru,Non-binary,13.252.87.196
288,Marney,Housiaux,mhousiaux7z@acquirethisname.com,Female,198.18.177.92
289,Hashim,Herche,hherche80@tinyurl.com,Male,250.126.7.239
290,Chadwick,Agass,cagass81@discuz.net,Male,173.186.23.75
291,Willy,Chimes,wchimes82@amazon.co.jp,Male,111.135.170.157
292,Kristi,Escale,kescale83@shop-pro.jp,Female,127.12.225.230
293,Bastian,Simmank,bsimmank84@mediafire.com,Male,187.3.12.11
294,Theda,Bench,tbench85@bloglines.com,Female,83.181.12.181
295,Jody,Rougier,jrougier86@goo.gl,Female,17.91.239.74
296,Allene,McKinnon,amckinnon87@nhs.uk,Female,122.24.212.97
297,Lewes,Pieter,lpieter88@yellowbook.com,Male,49.54.7.176
298,Cahra,Spikings,cspikings89@wix.com,Bigender,242.93.251.174
299,Charline,Bamsey,cbamsey8a@sakura.ne.jp,Female,48.242.94.45
300,Janean,Scocroft,jscocroft8b@gravatar.com,Female,91.139.89.51
301,Liv,Allnatt,lallnatt8c@umn.edu,Female,164.143.219.231
302,Walliw,Aaronson,waaronson8d@mysql.com,Female,162.168.171.98
303,Austin,Elford,aelford8e@goo.gl,Female,45.4.77.175
304,Nicolle,Tight,ntight8f@purevolume.com,Genderqueer,59.236.207.163
305,Felice,Fishleigh,ffishleigh8g@list-manage.com,Female,220.56.214.245
306,Marcellus,Gowler,mgowler8h@nydailynews.com,Male,113.166.158.26
307,Blinni,Abram,babram8i@usda.gov,Female,111.180.111.58
308,Ab,Pietersma,apietersma8j@tamu.edu,Male,163.113.65.115
309,Lamont,Brodeau,lbrodeau8k@xing.com,Male,248.36.164.240
310,Cathee,Rotherham,crotherham8l@t-online.de,Female,214.65.208.69
311,Filberto,Backe,fbacke8m@parallels.com,Genderfluid,189.212.170.165
312,Ash,Witherup,awitherup8n@twitpic.com,Male,177.48.252.125
313,Marijo,Clac,mclac8o@princeton.edu,Non-binary,30.224.209.31
314,Georas,Masselin,gmasselin8p@tuttocitta.it,Male,180.56.172.102
315,Hyatt,Lemmertz,hlemmertz8q@wiley.com,Male,130.34.20.151
316,Kerianne,Adamou,kadamou8r@aboutads.info,Female,211.252.192.118
317,Raoul,Riach,rriach8s@photobucket.com,Male,176.233.72.170
318,Dena,Woolward,dwoolward8t@patch.com,Female,155.141.197.184
319,Pate,Bielfelt,pbielfelt8u@shareasale.com,Male,59.42.245.59
320,Shannon,Blakebrough,sblakebrough8v@yellowbook.com,Female,178.9.108.14
321,Tedda,Barthelet,tbarthelet8w@homestead.com,Female,78.209.138.130
322,Ericha,Acomb,eacomb8x@bing.com,Female,109.236.160.16
323,Torey,Glanert,tglanert8y@purevolume.com,Male,45.254.117.251
324,Raddie,Inglesant,ringlesant8z@bing.com,Male,238.50.192.162
325,Lari,De Laspee,ldelaspee90@twitpic.com,Female,249.177.239.242
326,Stephani,Bloschke,sbloschke91@example.com,Genderfluid,118.162.217.137
327,Berthe,Tukely,btukely92@cornell.edu,Female,24.192.17.125
328,Ulrich,Lewis,ulewis93@cbc.ca,Male,237.1.224.186
329,Finn,Dionisi,fdionisi94@wix.com,Genderqueer,235.90.101.4
330,Anya,Keets,akeets95@disqus.com,Female,194.247.78.240
331,Ed,Skim,eskim96@biglobe.ne.jp,Male,211.72.212.34
332,Candide,De Goey,cdegoey97@edublogs.org,Female,237.224.186.91
333,Cathleen,Rosendale,crosendale98@google.it,Female,13.0.97.18
334,Robbin,Plews,rplews99@psu.edu,Female,115.241.39.238
335,Hugibert,Marfell,hmarfell9a@newyorker.com,Polygender,110.142.109.63
336,Dyane,Dallow,ddallow9b@npr.org,Non-binary,157.32.181.35
337,Faydra,Dey,fdey9c@indiatimes.com,Female,92.136.4.66
338,Addison,Glowacki,aglowacki9d@acquirethisname.com,Male,62.10.170.91
339,Ralina,Halpin,rhalpin9e@amazon.com,Female,229.87.81.188
340,Blondell,Bentje,bbentje9f@digg.com,Female,242.114.67.63
341,Noach,Lidgely,nlidgely9g@bizjournals.com,Bigender,112.38.206.116
342,Lu,Cannon,lcannon9h@mapquest.com,Female,131.80.215.218
343,Editha,Ponde,eponde9i@ted.com,Female,145.65.197.104
344,Alvy,Bacop,abacop9j@house.gov,Male,8.159.149.179
345,Rycca,Inglefield,ringlefield9k@wufoo.com,Female,119.119.4.134
346,Garrik,McGall,gmcgall9l@studiopress.com,Male,105.73.102.130
347,Arnuad,Wimpenny,awimpenny9m@miibeian.gov.cn,Male,201.196.93.63
348,Rodrick,Morrell,rmorrell9n@bloglovin.com,Male,51.16.145.63
349,Early,Iamittii,eiamittii9o@whitehouse.gov,Male,191.41.232.166
350,Hagan,Sneath,hsneath9p@devhub.com,Male,184.29.56.232
351,Davide,Valerius,dvalerius9q@ft.com,Male,182.112.89.13
352,Glenn,Bennion,gbennion9r@newsvine.com,Polygender,96.230.86.42
353,Rourke,Renols,rrenols9s@imgur.com,Male,17.72.164.206
354,Teodorico,Bloy,tbloy9t@t-online.de,Male,112.20.96.29
355,Atalanta,Fowles,afowles9u@thetimes.co.uk,Female,108.61.213.209
356,Noami,Garrish,ngarrish9v@seattletimes.com,Female,107.208.203.60
357,Olimpia,Hallmark,ohallmark9w@bloglines.com,Female,112.199.238.255
358,Maris,Castanos,mcastanos9x@columbia.edu,Genderqueer,166.135.172.251
359,Sander,Lumbley,slumbley9y@cnet.com,Male,210.224.179.88
360,Franciskus,Lorryman,florryman9z@ocn.ne.jp,Male,104.6.234.44
361,Albrecht,McMennum,amcmennuma0@arizona.edu,Male,214.1.226.10
362,Jarrad,Duny,jdunya1@devhub.com,Male,57.140.130.180
363,Sawyere,Danielkiewicz,sdanielkiewicza2@cnn.com,Male,176.155.203.239
364,Virginia,Comoletti,vcomolettia3@soundcloud.com,Agender,122.230.100.65
365,Felic,Bome,fbomea4@nasa.gov,Male,136.145.104.47
366,Slade,Cleatherow,scleatherowa5@dot.gov,Non-binary,238.208.124.192
367,Guy,Joinsey,gjoinseya6@comsenz.com,Male,58.201.157.189
368,Allard,Komorowski,akomorowskia7@wordpress.com,Male,137.111.124.90
369,Dalton,Benge,dbengea8@google.ca,Male,190.50.105.175
370,Vinson,Stirley,vstirleya9@merriam-webster.com,Male,24.7.127.227
371,Tracey,Mell,tmellaa@reference.com,Male,55.116.110.43
372,Carlota,McCuthais,cmccuthaisab@diigo.com,Polygender,136.18.218.85
373,Susanetta,Morigan,smoriganac@shop-pro.jp,Female,212.182.193.74
374,Belle,Galloway,bgallowayad@patch.com,Female,22.141.82.207
375,Margaret,Rispen,mrispenae@squidoo.com,Female,195.167.165.174
376,Glenn,Naptin,gnaptinaf@wisc.edu,Female,124.246.174.229
377,Kissiah,Hayne,khayneag@examiner.com,Female,64.209.226.48
378,Bob,Buffey,bbuffeyah@over-blog.com,Male,5.235.158.209
379,Murdock,Stibbs,mstibbsai@people.com.cn,Bigender,252.2.161.188
380,Monroe,Pelos,mpelosaj@reddit.com,Male,68.85.177.75
381,Blanca,Moncrieffe,bmoncrieffeak@zimbio.com,Female,242.220.85.144
382,Laural,Sharer,lshareral@weather.com,Female,181.248.191.41
383,Stefa,Aleshkov,saleshkovam@prlog.org,Female,189.102.101.166
384,Cy,Attwoul,cattwoulan@w3.org,Male,243.196.105.109
385,Ema,Georgievski,egeorgievskiao@dropbox.com,Female,234.102.99.192
386,Mickey,Yellowley,myellowleyap@geocities.com,Male,155.241.68.211
387,Ara,Ivers,aiversaq@discovery.com,Female,243.213.33.235
388,Melissa,Doey,mdoeyar@joomla.org,Agender,112.178.239.25
389,Kennan,Alldred,kalldredas@slate.com,Male,49.105.48.84
390,Kira,Symonds,ksymondsat@blogger.com,Non-binary,209.6.112.182
391,Penrod,Petrie,ppetrieau@delicious.com,Male,39.190.81.114
392,Phillis,Bone,pboneav@mapy.cz,Female,207.165.46.31
393,Cicely,Murley,cmurleyaw@scribd.com,Female,154.79.152.184
394,Rafael,McRobert,rmcrobertax@amazon.co.uk,Male,56.153.35.48
395,Cyrus,Bidwell,cbidwellay@narod.ru,Male,231.167.153.175
396,Sydney,Dimmne,sdimmneaz@nydailynews.com,Male,114.252.54.225
397,Bevvy,Zapatero,bzapaterob0@dell.com,Female,233.143.234.125
398,Jacinda,Gingold,jgingoldb1@spotify.com,Female,114.111.198.233
399,Nydia,Kupisz,nkupiszb2@a8.net,Female,190.87.26.63
400,Bertram,Spinley,bspinleyb3@sakura.ne.jp,Male,170.139.87.70
401,Fionna,Bowsher,fbowsherb4@meetup.com,Female,72.74.124.11
402,Marven,Brydell,mbrydellb5@technorati.com,Non-binary,137.94.253.42
403,Kellen,Avramovic,kavramovicb6@webs.com,Male,44.252.208.31
404,Ivett,Felix,ifelixb7@irs.gov,Genderfluid,28.152.59.158
405,Lydia,Rapley,lrapleyb8@salon.com,Female,39.87.18.197
406,Fey,Riddoch,friddochb9@samsung.com,Female,253.210.79.59
407,Worthy,Striker,wstrikerba@msu.edu,Male,187.252.181.191
408,Delano,Chrestien,dchrestienbb@liveinternet.ru,Male,124.19.150.249
409,Justin,Sydenham,jsydenhambc@wp.com,Male,194.251.140.187
410,Lion,Sumnall,lsumnallbd@tmall.com,Male,233.42.99.252
411,Carrissa,Thraves,cthravesbe@who.int,Female,18.195.198.87
412,Franky,Kaplin,fkaplinbf@devhub.com,Bigender,114.210.227.229
413,Dorelia,Richemond,drichemondbg@tmall.com,Female,204.110.42.204
414,Brooke,Parmiter,bparmiterbh@blogtalkradio.com,Male,213.191.88.102
415,Tibold,Gaw,tgawbi@dot.gov,Male,24.47.77.88
416,Bernardine,Brown,bbrownbj@com.com,Female,131.215.43.146
417,Genovera,Granham,ggranhambk@oakley.com,Female,99.74.185.102
418,Bordy,Giraldez,bgiraldezbl@privacy.gov.au,Male,135.86.150.127
419,Chelsey,Tubb,ctubbbm@newsvine.com,Female,9.215.3.207
420,Allard,Durbyn,adurbynbn@umn.edu,Male,240.109.2.138
421,Saleem,Andrusyak,sandrusyakbo@wordpress.com,Male,57.1.165.50
422,Mohandis,Dalrymple,mdalrymplebp@uol.com.br,Male,11.162.90.4
423,Pepe,Gheeorghie,pgheeorghiebq@scientificamerican.com,Male,15.37.68.218
424,Benton,Nockolds,bnockoldsbr@yellowpages.com,Male,20.251.84.25
425,Rodd,Raff,rraffbs@pbs.org,Male,96.105.129.76
426,Hedvige,Drewet,hdrewetbt@noaa.gov,Female,79.84.247.68
427,Jewel,Burgen,jburgenbu@princeton.edu,Female,34.86.73.40
428,Waring,Stuehmeyer,wstuehmeyerbv@oracle.com,Male,101.47.67.220
429,Harv,Levensky,hlevenskybw@boston.com,Male,241.166.1.186
430,Melina,Burgill,mburgillbx@washingtonpost.com,Female,118.13.167.14
431,Alma,Bissex,abissexby@mit.edu,Female,104.201.172.165
432,Trudey,Heaney,theaneybz@wix.com,Female,169.142.243.227
433,Morgen,Masding,mmasdingc0@sun.com,Male,45.240.59.190
434,Mozes,Karpol,mkarpolc1@digg.com,Male,95.145.155.15
435,Sutherlan,O'Daly,sodalyc2@cnbc.com,Genderfluid,143.13.228.103
436,Georgiana,Pauwel,gpauwelc3@mapy.cz,Female,165.144.43.143
437,Jonathon,Cairney,jcairneyc4@deliciousdays.com,Male,13.3.64.12
438,Corbet,Bert,cbertc5@shareasale.com,Male,63.73.191.148
439,Jonell,Burchnall,jburchnallc6@infoseek.co.jp,Female,81.181.159.59
440,Sanson,Leport,sleportc7@omniture.com,Male,191.229.157.97
441,Rainer,Alcido,ralcidoc8@sun.com,Male,0.2.54.196
442,Frederique,Davidovitz,fdavidovitzc9@canalblog.com,Female,2.248.234.45
443,Lou,Crowdy,lcrowdyca@amazonaws.com,Female,77.135.53.93
444,Leontyne,Cotman,lcotmancb@xinhuanet.com,Female,121.127.92.217
445,Dave,Monckman,dmonckmancc@slashdot.org,Male,221.208.22.50
446,Tomasine,Masdon,tmasdoncd@imdb.com,Female,2.253.232.50
447,Alisha,Antley,aantleyce@sina.com.cn,Female,87.41.199.179
448,Harlene,Akker,hakkercf@arizona.edu,Female,60.12.132.63
449,Sarajane,Crighten,scrightencg@omniture.com,Polygender,237.120.146.220
450,Winni,Primak,wprimakch@ibm.com,Genderqueer,161.94.11.243
451,Carolin,Lerhinan,clerhinanci@google.de,Female,98.136.56.125
452,Angil,Garrish,agarrishcj@vimeo.com,Female,94.174.253.150
453,Sayers,Simeon,ssimeonck@nationalgeographic.com,Male,65.83.211.217
454,Dannie,Edling,dedlingcl@goodreads.com,Male,166.248.139.45
455,Quintin,Crowcum,qcrowcumcm@over-blog.com,Male,174.81.119.240
456,Rustin,Petzold,rpetzoldcn@examiner.com,Male,140.168.23.95
457,Shell,Hampshire,shampshireco@live.com,Non-binary,47.62.126.207
458,Towney,Humbey,thumbeycp@phoca.cz,Male,144.80.23.127
459,Arny,Shimmings,ashimmingscq@histats.com,Male,18.108.46.249
460,Pauli,Lyster,plystercr@sakura.ne.jp,Female,50.26.235.130
461,Raimundo,Daymont,rdaymontcs@eventbrite.com,Male,163.192.142.15
462,Rosemaria,Sinyard,rsinyardct@domainmarket.com,Female,50.157.189.55
463,Marlin,Obal,mobalcu@cmu.edu,Male,122.192.200.136
464,Reggie,Farnill,rfarnillcv@furl.net,Male,170.194.224.3
465,Siegfried,Embling,semblingcw@businessweek.com,Male,59.43.103.204
466,Pet,O' Hern,poherncx@wired.com,Female,63.194.238.5
467,Robbie,Traill,rtraillcy@soundcloud.com,Female,80.171.238.171
468,Waite,Pawel,wpawelcz@ihg.com,Male,141.122.37.102
469,Ricky,Rase,rrased0@instagram.com,Female,39.12.92.251
470,Cayla,Stallebrass,cstallebrassd1@usgs.gov,Female,252.110.74.174
471,Julian,Hofner,jhofnerd2@google.ru,Male,48.90.102.225
472,Vasilis,Tonkin,vtonkind3@cdc.gov,Male,219.84.154.100
473,Odille,Keaveney,okeaveneyd4@hexun.com,Female,194.5.77.207
474,Courtenay,Walstow,cwalstowd5@japanpost.jp,Female,50.114.152.139
475,Ruth,Noton,rnotond6@ftc.gov,Female,195.219.172.207
476,Robinet,Sissens,rsissensd7@alexa.com,Female,50.153.222.148
477,Devi,Gurley,dgurleyd8@usda.gov,Female,154.236.240.216
478,June,Hans,jhansd9@harvard.edu,Female,17.72.144.70
479,Marina,Piele,mpieleda@t-online.de,Female,109.117.245.9
480,Ragnar,Leathe,rleathedb@sciencedaily.com,Male,173.122.243.133
481,Stefanie,Wooderson,swoodersondc@mlb.com,Genderfluid,35.114.126.57
482,Fae,Ferri,fferridd@springer.com,Agender,180.252.165.164
483,Dorey,Luckin,dluckinde@skype.com,Male,79.109.80.191
484,Reena,Moulster,rmoulsterdf@technorati.com,Female,216.156.238.241
485,Myrlene,Thorneywork,mthorneyworkdg@instagram.com,Female,86.51.3.222
486,Stafford,Betteney,sbetteneydh@pcworld.com,Male,212.7.90.55
487,Yelena,Itzakovitz,yitzakovitzdi@marriott.com,Female,112.240.138.204
488,Emelen,Shrimpton,eshrimptondj@admin.ch,Male,193.205.115.181
489,Debera,Swinney,dswinneydk@arstechnica.com,Female,12.1.19.237
490,Lon,Reason,lreasondl@google.ca,Male,165.2.116.232
491,Zebulen,Morling,zmorlingdm@dot.gov,Male,130.71.106.32
492,Gwennie,Noir,gnoirdn@digg.com,Female,120.57.124.142
493,Lavinia,Pendock,lpendockdo@skyrock.com,Female,89.69.2.134
494,Sabrina,Reckhouse,sreckhousedp@paginegialle.it,Female,207.108.69.14
495,Nessie,Dudmesh,ndudmeshdq@census.gov,Female,61.19.51.33
496,Annice,Lasseter,alasseterdr@over-blog.com,Female,66.101.215.35
497,Luke,Aujean,laujeands@pen.io,Genderqueer,100.36.117.75
498,Kendricks,Edridge,kedridgedt@wikipedia.org,Agender,19.189.125.22
499,Kippar,Sherbourne,ksherbournedu@discovery.com,Male,143.85.201.194
500,Bunni,Hattigan,bhattigandv@multiply.com,Female,125.64.36.43
501,Lenee,Muccino,lmuccinodw@friendfeed.com,Female,174.190.3.146
502,Benn,Spurritt,bspurrittdx@tinyurl.com,Male,204.60.193.43
503,Beitris,Abel,babeldy@google.ru,Female,214.130.217.219
504,Albina,Paget,apagetdz@baidu.com,Female,63.0.25.0
505,Susie,Teliga,steligae0@telegraph.co.uk,Bigender,221.78.103.206
506,Penn,Ridolfo,pridolfoe1@dailymotion.com,Male,103.173.235.33
507,Herc,Quiney,hquineye2@youku.com,Male,94.176.46.167
508,Tadio,Harrower,tharrowere3@jimdo.com,Male,65.115.165.34
509,Lizzy,Manicomb,lmanicombe4@lycos.com,Female,232.14.116.156
510,Letitia,Maybey,lmaybeye5@wisc.edu,Genderqueer,97.166.211.84
511,Rozella,Fairest,rfaireste6@jimdo.com,Female,92.41.132.245
512,Lynett,Simmons,lsimmonse7@taobao.com,Female,255.200.195.123
513,Milicent,Gambie,mgambiee8@wix.com,Female,164.243.189.67
514,Averil,Corringham,acorringhame9@yellowpages.com,Male,163.10.42.115
515,Vannie,MacCook,vmaccookea@posterous.com,Female,127.229.94.104
516,Cairistiona,Spelman,cspelmaneb@unblog.fr,Female,219.9.38.97
517,Carlotta,Purshouse,cpurshouseec@cafepress.com,Female,24.188.145.96
518,Jory,Radke,jradkeed@globo.com,Male,174.33.169.201
519,Jesselyn,Linton,jlintonee@ifeng.com,Female,235.143.48.101
520,Ulla,Olohan,uolohanef@zimbio.com,Female,85.153.24.34
521,Winfred,Wetherill,wwetherilleg@harvard.edu,Male,187.94.27.147
522,Mandy,Dumpleton,mdumpletoneh@bigcartel.com,Agender,15.178.174.227
523,Joanie,Sawden,jsawdenei@rakuten.co.jp,Female,29.212.25.47
524,Alexandre,Gilling,agillingej@sogou.com,Male,243.66.139.21
525,Inness,MacDonell,imacdonellek@shinystat.com,Male,167.37.212.41
526,Alphonse,Gremane,agremaneel@blogs.com,Male,6.74.192.118
527,Merry,Chilcotte,mchilcotteem@discovery.com,Female,139.238.247.173
528,Donia,Leonardi,dleonardien@godaddy.com,Female,123.233.42.40
529,Piper,Scaife,pscaifeeo@uol.com.br,Female,162.91.132.0
530,Briana,Isbell,bisbellep@globo.com,Female,107.207.88.208
531,Marybelle,Garces,mgarceseq@opensource.org,Female,243.35.215.129
532,Dimitri,McNae,dmcnaeer@answers.com,Agender,157.41.16.71
533,Therine,Siege,tsiegees@pbs.org,Female,100.225.75.10
534,Ilka,Withey,iwitheyet@yandex.ru,Female,225.83.78.140
535,Torrin,Losel,tloseleu@spotify.com,Male,17.190.211.209
536,Haskell,Hastewell,hhastewellev@yelp.com,Male,76.246.136.88
537,Heidi,Hyndes,hhyndesew@businesswire.com,Female,159.170.35.1
538,Marley,Duns,mdunsex@biglobe.ne.jp,Female,223.183.184.247
539,Boone,Togher,btogherey@histats.com,Male,229.151.238.95
540,Jourdain,Merigot,jmerigotez@amazon.de,Male,202.87.142.11
541,Jimmy,Kauscher,jkauscherf0@sitemeter.com,Male,211.30.58.226
542,Dillie,Haysham,dhayshamf1@com.com,Male,221.187.115.66
543,Alvis,Barbour,abarbourf2@about.com,Male,26.27.23.200
544,Coleen,Fleeming,cfleemingf3@tripadvisor.com,Female,237.163.230.51
545,Edward,Downie,edownief4@cocolog-nifty.com,Male,3.2.102.64
546,Konstanze,Lyven,klyvenf5@gmpg.org,Female,201.18.60.92
547,Page,Doone,pdoonef6@nationalgeographic.com,Female,121.153.30.212
548,Peggie,Sargison,psargisonf7@ameblo.jp,Female,18.106.182.197
549,Ardath,Barrick,abarrickf8@globo.com,Female,250.233.4.224
550,Neill,Roughan,nroughanf9@europa.eu,Male,58.60.2.47
551,Yank,Helkin,yhelkinfa@bloomberg.com,Male,10.193.39.189
552,Patsy,Sarra,psarrafb@example.com,Female,215.212.193.237
553,Anastasie,Van Der Hoog,avanderhoogfc@icq.com,Female,70.18.39.205
554,Tyrus,Burnsides,tburnsidesfd@bbb.org,Male,173.247.74.160
555,Margaret,Ong,mongfe@craigslist.org,Female,198.156.178.249
556,Stacy,Mountlow,smountlowff@craigslist.org,Female,202.55.236.208
557,Eldridge,Cavet,ecavetfg@jigsy.com,Male,255.234.77.142
558,Denis,Skerm,dskermfh@sohu.com,Male,90.24.8.236
559,Crawford,Zapater,czapaterfi@over-blog.com,Male,121.117.33.2
560,Adena,MacCague,amaccaguefj@mashable.com,Female,219.253.138.112
561,Barri,Levermore,blevermorefk@state.gov,Bigender,167.29.193.76
562,Orsola,Speer,ospeerfl@cdc.gov,Genderqueer,164.180.25.125
563,Alisa,Bruun,abruunfm@indiatimes.com,Female,154.200.121.139
564,Tyrus,Kelby,tkelbyfn@123-reg.co.uk,Male,113.50.174.186
565,Adeline,Fahy,afahyfo@networksolutions.com,Female,134.130.191.228
566,Brigitta,Laurenzi,blaurenzifp@apache.org,Female,44.188.145.104
567,Ferdie,Bohlens,fbohlensfq@europa.eu,Male,6.45.147.72
568,Denver,McCulloch,dmccullochfr@nasa.gov,Male,58.149.84.2
569,Phillie,Crich,pcrichfs@gmpg.org,Bigender,139.254.127.212
570,Lissy,Ockendon,lockendonft@squidoo.com,Female,126.181.97.79
571,Gary,Salthouse,gsalthousefu@webs.com,Male,205.137.47.102
572,Alfred,Clem,aclemfv@amazon.com,Male,240.160.168.58
573,Kristoforo,Sibille,ksibillefw@linkedin.com,Male,186.18.155.106
574,Demetre,Cline,dclinefx@economist.com,Male,195.192.23.217
575,Kathlin,Calvie,kcalviefy@storify.com,Female,55.30.228.173
576,Federico,Josland,fjoslandfz@cyberchimps.com,Male,73.227.213.28
577,Elston,Beaman,ebeamang0@360.cn,Genderqueer,116.242.7.226
578,Valeria,Fulleylove,vfulleyloveg1@oaic.gov.au,Female,228.16.144.40
579,Nettle,Dunkerley,ndunkerleyg2@indiegogo.com,Female,57.47.103.235
580,Ban,Andreotti,bandreottig3@amazon.co.jp,Male,76.86.132.60
581,Garvey,Kernoghan,gkernoghang4@google.fr,Male,230.118.95.28
582,Betti,Caser,bcaserg5@prnewswire.com,Female,121.136.184.84
583,Aurthur,Rubinfeld,arubinfeldg6@yelp.com,Male,221.213.52.173
584,Patric,Adan,padang7@youku.com,Male,67.84.142.6
585,Che,Gerretsen,cgerretseng8@sciencedirect.com,Male,167.102.205.255
586,Padget,Cattemull,pcattemullg9@boston.com,Male,106.50.123.228
587,Lucia,Boyd,lboydga@noaa.gov,Female,55.101.5.221
588,Gina,Baldwin,gbaldwingb@purevolume.com,Female,2.174.13.249
589,Afton,Spelman,aspelmangc@wikimedia.org,Polygender,35.20.139.133
590,Miller,Gibbings,mgibbingsgd@linkedin.com,Male,127.223.66.236
591,George,McKenna,gmckennage@sitemeter.com,Male,128.135.233.57
592,Abby,Schoolcroft,aschoolcroftgf@bravesites.com,Bigender,108.229.214.231
593,Elsy,Thyng,ethynggg@ocn.ne.jp,Female,105.79.18.117
594,Isaiah,McMonnies,imcmonniesgh@cpanel.net,Male,207.232.150.84
595,Elita,Glass,eglassgi@newyorker.com,Female,119.40.183.194
596,Kenon,Pierton,kpiertongj@foxnews.com,Male,31.220.141.97
597,Arnie,Klus,aklusgk@chicagotribune.com,Male,33.135.148.152
598,Norbie,Tuck,ntuckgl@ebay.co.uk,Male,204.29.254.128
599,Zena,Steiner,zsteinergm@unblog.fr,Female,141.183.245.168
600,Timmie,Serot,tserotgn@icio.us,Male,35.210.110.162
601,Christina,Elderkin,celderkingo@usgs.gov,Female,106.48.187.215
602,Sheba,Gimeno,sgimenogp@bbc.co.uk,Non-binary,114.66.41.132
603,Nichols,Stronge,nstrongegq@dmoz.org,Male,136.48.149.221
604,Lorain,Ritchley,lritchleygr@quantcast.com,Female,70.174.248.27
605,Les,Shuker,lshukergs@mail.ru,Male,170.147.173.162
606,Erasmus,Alennikov,ealennikovgt@ted.com,Male,245.0.129.215
607,Bennett,Begin,bbegingu@arstechnica.com,Male,220.144.157.105
608,Eda,Beaudry,ebeaudrygv@oracle.com,Female,87.152.140.56
609,Andrey,Reason,areasongw@cornell.edu,Male,11.225.96.114
610,Jobye,Baglin,jbaglingx@xrea.com,Female,91.45.53.182
611,Fawn,Morl,fmorlgy@weibo.com,Female,86.219.103.97
612,Mellie,Tripon,mtripongz@drupal.org,Female,102.198.213.78
613,Dick,Myrie,dmyrieh0@ycombinator.com,Male,186.177.224.249
614,Harman,Bailles,hbaillesh1@ucsd.edu,Male,122.237.164.126
615,Aaron,Pretious,apretioush2@com.com,Male,121.74.249.132
616,Betty,Rope,bropeh3@mtv.com,Female,194.118.188.248
617,Ysabel,Eloy,yeloyh4@discuz.net,Female,56.65.112.67
618,Cymbre,Manston,cmanstonh5@unblog.fr,Female,209.40.175.137
619,Nikki,Ruggieri,nruggierih6@microsoft.com,Female,185.74.23.93
620,Zedekiah,Jopke,zjopkeh7@elpais.com,Male,229.67.43.113
621,Georgi,Nicholson,gnicholsonh8@prnewswire.com,Non-binary,43.208.157.252
622,Ninon,Balstone,nbalstoneh9@tuttocitta.it,Female,69.189.219.140
623,Mitchel,McPherson,mmcphersonha@time.com,Polygender,81.233.135.23
624,Birgitta,Lochead,blocheadhb@goodreads.com,Female,206.214.69.214
625,Jody,Dilger,jdilgerhc@ihg.com,Female,134.59.162.160
626,Wakefield,Naden,wnadenhd@soundcloud.com,Male,173.231.195.24
627,Mace,Ogilby,mogilbyhe@bloomberg.com,Male,97.178.246.62
628,Lind,Brigden,lbrigdenhf@stanford.edu,Female,39.36.119.156
629,Charita,Collcutt,ccollcutthg@elegantthemes.com,Female,178.125.203.238
630,Earlie,Guerner,eguernerhh@yellowbook.com,Male,64.103.220.173
631,Layton,Labrum,llabrumhi@geocities.jp,Male,64.24.186.224
632,Faye,Woollin,fwoollinhj@toplist.cz,Agender,45.172.43.188
633,Hamnet,Desbrow,hdesbrowhk@merriam-webster.com,Male,202.127.24.88
634,Kele,Barck,kbarckhl@yahoo.com,Male,108.56.221.26
635,Bil,Bindon,bbindonhm@cafepress.com,Male,49.21.82.99
636,Colline,Hewes,cheweshn@columbia.edu,Female,241.47.112.171
637,Geri,Chiene,gchieneho@posterous.com,Male,100.230.31.155
638,Iosep,Ivakin,iivakinhp@vimeo.com,Genderqueer,18.57.191.215
639,Brodie,Gallen,bgallenhq@ft.com,Male,245.160.29.47
640,Lonnard,Averies,laverieshr@typepad.com,Male,141.73.138.107
641,Vincenz,Inett,vinetths@imdb.com,Male,134.29.121.47
642,Arnoldo,Cristofor,acristoforht@addthis.com,Male,207.55.8.170
643,Dorothee,Sandbrook,dsandbrookhu@constantcontact.com,Female,10.49.25.53
644,Emile,Hutchison,ehutchisonhv@elegantthemes.com,Male,79.107.65.174
645,Rollie,Lemonby,rlemonbyhw@bbc.co.uk,Male,130.61.74.146
646,Bayard,Salvin,bsalvinhx@prnewswire.com,Male,81.37.109.26
647,Cordi,Allcott,callcotthy@shop-pro.jp,Female,149.122.117.0
648,Albie,Chopy,achopyhz@behance.net,Male,137.165.96.30
649,Traver,Harsent,tharsenti0@ning.com,Male,11.104.34.16
650,Sibel,Seiler,sseileri1@berkeley.edu,Female,205.177.204.189
651,Melicent,Probart,mprobarti2@princeton.edu,Female,190.203.250.151
652,Ernest,Roony,eroonyi3@ox.ac.uk,Male,70.163.233.253
653,Shell,Trayling,straylingi4@baidu.com,Female,62.27.202.175
654,Libbi,Philbrick,lphilbricki5@studiopress.com,Female,66.11.103.22
655,Renaud,Collibear,rcollibeari6@naver.com,Male,225.225.51.216
656,Franklin,Tart,ftarti7@bloglines.com,Male,29.158.89.191
657,Kit,Luckwell,kluckwelli8@facebook.com,Male,168.246.144.238
658,Reinaldo,Becke,rbeckei9@zdnet.com,Male,33.49.83.207
659,Susie,McGilvray,smcgilvrayia@army.mil,Female,69.214.154.112
660,Mac,Maruszewski,mmaruszewskiib@addtoany.com,Male,218.104.58.75
661,Harold,Wipper,hwipperic@furl.net,Male,102.122.206.235
662,Ravi,Faussett,rfaussettid@census.gov,Male,214.218.31.209
663,Britteny,Woolston,bwoolstonie@wordpress.com,Female,178.158.118.240
664,Pace,Crouse,pcrouseif@cpanel.net,Male,235.146.37.206
665,Sigismond,Cowherd,scowherdig@mapquest.com,Male,15.131.109.228
666,Mariam,Demelt,mdemeltih@amazon.com,Female,183.44.27.120
667,Elisabet,Bowhay,ebowhayii@wp.com,Female,240.226.96.120
668,Binky,Blaksland,bblakslandij@topsy.com,Male,254.169.157.254
669,Elysha,Frantzeni,efrantzeniik@stumbleupon.com,Female,8.38.185.4
670,Amalie,Brandoni,abrandoniil@vinaora.com,Female,166.134.241.223
671,Waite,Yurenin,wyureninim@t.co,Male,86.170.237.250
672,Dud,Campes,dcampesin@wired.com,Male,36.154.168.135
673,Pam,Purdy,ppurdyio@skype.com,Female,191.110.133.92
674,Gae,Caulfield,gcaulfieldip@networksolutions.com,Polygender,65.108.49.190
675,Hattie,Chittem,hchittemiq@scribd.com,Female,233.76.2.129
676,Jerome,Delacroix,jdelacroixir@macromedia.com,Male,195.111.93.164
677,Urbano,Axell,uaxellis@joomla.org,Male,55.73.218.4
678,Gerardo,Fancourt,gfancourtit@google.co.uk,Male,2.186.23.120
679,Edee,Mc Curlye,emccurlyeiu@spotify.com,Female,62.39.102.192
680,Avram,Byneth,abynethiv@vimeo.com,Male,123.66.131.60
681,Cally,Dupey,cdupeyiw@zimbio.com,Female,241.226.105.16
682,Lucie,Ablett,lablettix@squidoo.com,Female,15.34.254.243
683,Atalanta,Glackin,aglackiniy@goo.ne.jp,Female,244.125.208.212
684,Allyn,Enticknap,aenticknapiz@scientificamerican.com,Female,26.138.204.64
685,Geoffrey,Hauxley,ghauxleyj0@live.com,Non-binary,114.175.59.203
686,Alikee,Kowalik,akowalikj1@google.com,Female,176.249.211.216
687,Daffie,Abys,dabysj2@skype.com,Genderfluid,110.249.23.244
688,Dorette,Candey,dcandeyj3@kickstarter.com,Female,114.122.175.177
689,Gavin,Bruce,gbrucej4@amazon.com,Male,176.6.238.109
690,Leda,Worsalls,lworsallsj5@oakley.com,Female,67.96.188.43
691,Caye,McInteer,cmcinteerj6@shinystat.com,Female,188.41.235.207
692,Bonny,Wilse,bwilsej7@squidoo.com,Female,28.19.166.250
693,Benoite,Redholes,bredholesj8@ifeng.com,Female,36.109.192.135
694,Kaia,Docwra,kdocwraj9@tinypic.com,Female,146.24.31.148
695,Chastity,Ewings,cewingsja@constantcontact.com,Female,164.139.229.55
696,Derby,Shipley,dshipleyjb@army.mil,Agender,145.11.226.233
697,Flemming,Mallabone,fmallabonejc@over-blog.com,Male,63.32.118.95
698,Harold,Risley,hrisleyjd@fotki.com,Male,114.118.86.123
699,Melli,Phetteplace,mphetteplaceje@ning.com,Female,46.77.246.157
700,Tara,Hutchins,thutchinsjf@parallels.com,Polygender,4.83.33.118
701,Corrie,Eddington,ceddingtonjg@opera.com,Male,26.236.251.185
702,Thom,Bolden,tboldenjh@ftc.gov,Male,69.121.90.41
703,Agna,Muschette,amuschetteji@infoseek.co.jp,Female,174.226.128.216
704,Ailey,Ivanuschka,aivanuschkajj@creativecommons.org,Female,47.168.91.130
705,Monti,Mangenet,mmangenetjk@bbc.co.uk,Male,53.44.163.105
706,Evania,MacAulay,emacaulayjl@rakuten.co.jp,Female,46.178.224.138
707,Waverley,Pauncefort,wpauncefortjm@gmpg.org,Male,26.251.41.204
708,Israel,Antonacci,iantonaccijn@goo.ne.jp,Male,161.186.110.36
709,Odille,Gambles,ogamblesjo@clickbank.net,Female,3.212.232.4
710,Brnaba,Truesdale,btruesdalejp@is.gd,Male,38.101.132.1
711,Manuel,Walklett,mwalklettjq@businessinsider.com,Male,42.42.139.44
712,Merle,Bilyard,mbilyardjr@deviantart.com,Female,237.213.168.181
713,Parsifal,Delnevo,pdelnevojs@columbia.edu,Polygender,176.47.151.110
714,Sergent,Kern,skernjt@4shared.com,Male,36.173.187.137
715,Cass,Mower,cmowerju@sohu.com,Male,224.216.92.239
716,Hale,Kunkler,hkunklerjv@networkadvertising.org,Male,69.190.160.34
717,Bailey,Perrelli,bperrellijw@delicious.com,Male,61.219.14.255
718,Isa,Hawkings,ihawkingsjx@deviantart.com,Male,72.217.231.151
719,Benton,Cicullo,bcicullojy@businessweek.com,Male,117.229.136.29
720,Robbin,McNeilley,rmcneilleyjz@yale.edu,Female,201.123.169.47
721,Trista,Dobbyn,tdobbynk0@msu.edu,Female,58.67.251.196
722,Heather,Taylder,htaylderk1@amazon.com,Female,252.36.74.35
723,Cora,Griffen,cgriffenk2@privacy.gov.au,Female,143.196.29.153
724,Derrik,Chaston,dchastonk3@icq.com,Male,118.220.25.149
725,Jenn,Maciejewski,jmaciejewskik4@netscape.com,Female,177.128.125.250
726,Natalya,Penvarden,npenvardenk5@a8.net,Female,28.229.250.122
727,Gwyn,Jaan,gjaank6@t.co,Non-binary,17.168.106.69
728,Charisse,Sillett,csillettk7@fc2.com,Female,110.97.100.222
729,Greg,Lambertazzi,glambertazzik8@last.fm,Male,155.180.244.219
730,Edgardo,Ashleigh,eashleighk9@list-manage.com,Male,140.20.156.221
731,Harlie,Leary,hlearyka@mapy.cz,Female,121.207.87.209
732,Kristyn,Airy,kairykb@seesaa.net,Female,202.252.107.201
733,Pablo,Kimmerling,pkimmerlingkc@blogger.com,Male,119.26.15.71
734,Christoper,Cheale,cchealekd@mtv.com,Male,105.118.110.163
735,Miguela,Popelay,mpopelayke@nifty.com,Female,94.48.190.42
736,Tanney,Sprake,tsprakekf@cdbaby.com,Male,32.166.133.38
737,Erinna,Vakhlov,evakhlovkg@ow.ly,Female,219.21.52.127
738,Delmar,Langelay,dlangelaykh@lycos.com,Male,79.15.22.31
739,Brigid,Ealden,bealdenki@thetimes.co.uk,Female,210.35.181.216
740,Dave,Poundford,dpoundfordkj@tinyurl.com,Male,135.67.190.84
741,Alaric,Gyrgorcewicx,agyrgorcewicxkk@nifty.com,Male,71.239.121.2
742,Xylina,Eaddy,xeaddykl@artisteer.com,Female,134.165.251.237
743,Shir,Van Dalen,svandalenkm@netvibes.com,Female,66.133.118.209
744,Erroll,Cowsby,ecowsbykn@chicagotribune.com,Male,84.49.15.84
745,Noe,O'Crowley,nocrowleyko@vkontakte.ru,Male,96.148.183.20
746,Earle,Minet,eminetkp@google.de,Male,202.1.20.229
747,Isador,Barock,ibarockkq@cargocollective.com,Male,71.236.147.91
748,Leela,Kennaird,lkennairdkr@pbs.org,Female,145.54.105.210
749,Aguste,Kynton,akyntonks@businessinsider.com,Male,38.26.163.137
750,Franklin,Merlin,fmerlinkt@huffingtonpost.com,Agender,174.207.251.28
751,Vicky,Sayburn,vsayburnku@moonfruit.com,Non-binary,238.17.177.160
752,Andrea,Grubb,agrubbkv@51.la,Female,204.190.82.10
753,Jamison,Barron,jbarronkw@theguardian.com,Male,154.74.21.6
754,Pen,Rosenboim,prosenboimkx@163.com,Female,238.113.122.108
755,Saxe,Kigelman,skigelmanky@kickstarter.com,Agender,21.42.93.33
756,Brooks,Houldin,bhouldinkz@scientificamerican.com,Male,250.70.157.220
757,Chad,Gatlin,cgatlinl0@home.pl,Male,151.189.188.149
758,Toni,Boarer,tboarerl1@blogs.com,Female,115.114.225.133
759,Leonie,Brudenell,lbrudenelll2@hhs.gov,Female,57.129.160.174
760,Sergent,Kubacki,skubackil3@cdbaby.com,Male,71.3.197.123
761,Jerrine,Ramelot,jramelotl4@google.com.br,Female,197.112.180.34
762,Lula,Balleine,lballeinel5@arizona.edu,Female,64.218.83.211
763,Jarrad,Brain,jbrainl6@si.edu,Male,141.172.181.181
764,Carleton,Lindenbaum,clindenbauml7@whitehouse.gov,Male,224.0.228.118
765,Lettie,Bordiss,lbordissl8@artisteer.com,Female,28.23.142.98
766,Courtney,Brou,cbroul9@1688.com,Female,33.59.255.39
767,Annabell,Mulvy,amulvyla@blogger.com,Female,34.172.219.235
768,Lowrance,Samsin,lsamsinlb@digg.com,Male,211.120.152.233
769,Leisha,Akid,lakidlc@wufoo.com,Female,110.44.46.198
770,Charlton,Kubala,ckubalald@parallels.com,Male,31.197.20.29
771,Raquela,Armour,rarmourle@symantec.com,Female,27.103.17.70
772,Fifine,Roxburgh,froxburghlf@sogou.com,Female,121.233.189.31
773,Burton,Whitemarsh,bwhitemarshlg@sohu.com,Male,240.214.191.46
774,Jermain,Vaud,jvaudlh@go.com,Male,111.14.85.175
775,Meredithe,Talbot,mtalbotli@yahoo.co.jp,Agender,162.51.149.204
776,Gnni,Scoon,gscoonlj@arstechnica.com,Female,219.109.137.59
777,Morten,Gaye,mgayelk@census.gov,Male,185.154.156.147
778,Basile,Martlew,bmartlewll@noaa.gov,Polygender,221.86.77.235
779,Rozina,Bromage,rbromagelm@artisteer.com,Female,198.167.208.81
780,Kirby,Barford,kbarfordln@about.com,Female,42.136.28.85
781,Lexine,Binestead,lbinesteadlo@redcross.org,Female,225.68.161.91
782,Gerladina,Clemanceau,gclemanceaulp@theguardian.com,Female,31.27.9.55
783,Orv,Whatsize,owhatsizelq@aboutads.info,Genderfluid,131.180.64.243
784,Lyndel,De Gregorio,ldegregoriolr@multiply.com,Female,216.238.34.144
785,Hertha,Newband,hnewbandls@gnu.org,Female,70.172.136.156
786,Milo,Corker,mcorkerlt@comcast.net,Male,67.161.217.149
787,Zorina,Crunkhurn,zcrunkhurnlu@hexun.com,Female,239.194.250.201
788,Bryana,Ferrettini,bferrettinilv@furl.net,Female,94.159.114.8
789,Salim,Smythin,ssmythinlw@goo.ne.jp,Male,195.69.84.160
790,Calley,Sebyer,csebyerlx@meetup.com,Female,145.64.178.136
791,Crissie,Rankin,crankinly@a8.net,Female,78.84.154.139
792,Harman,Feldbaum,hfeldbaumlz@example.com,Male,118.28.228.131
793,Jonell,Ayres,jayresm0@imdb.com,Female,199.203.20.102
794,Edvard,Royson,eroysonm1@google.nl,Male,212.177.21.217
795,Pierson,Girault,pgiraultm2@huffingtonpost.com,Male,28.215.212.183
796,Staffard,Ide,sidem3@ox.ac.uk,Male,39.225.60.15
797,Cord,Syseland,csyselandm4@seesaa.net,Polygender,31.4.214.232
798,Mortimer,Exley,mexleym5@chicagotribune.com,Non-binary,146.39.40.15
799,Claus,Kingsly,ckingslym6@census.gov,Male,203.54.111.78
800,Isador,Judd,ijuddm7@blinklist.com,Male,207.97.85.165
801,Scottie,Poultney,spoultneym8@godaddy.com,Male,213.216.64.55
802,Donovan,D'Alesio,ddalesiom9@ycombinator.com,Male,8.154.130.148
803,Fred,Byford,fbyfordma@accuweather.com,Male,88.188.78.199
804,Forrester,Girardot,fgirardotmb@cnn.com,Male,134.77.41.109
805,Joeann,Bumphries,jbumphriesmc@fda.gov,Genderfluid,28.173.159.227
806,Clovis,Pilmore,cpilmoremd@meetup.com,Female,40.49.86.80
807,Sharai,Varran,svarranme@themeforest.net,Female,183.209.162.80
808,Delora,Cupitt,dcupittmf@ocn.ne.jp,Female,245.39.84.208
809,Barr,Philipeaux,bphilipeauxmg@slashdot.org,Male,238.18.80.51
810,Susanna,Rodson,srodsonmh@marriott.com,Female,230.139.68.120
811,Saraann,Fanton,sfantonmi@1688.com,Female,58.113.88.27
812,Rossie,Simkovitz,rsimkovitzmj@comcast.net,Male,13.101.153.108
813,Vincenty,Gilbert,vgilbertmk@rakuten.co.jp,Male,179.203.238.208
814,Cristie,Mogridge,cmogridgeml@statcounter.com,Genderfluid,229.9.3.60
815,Alasdair,Gurden,agurdenmm@rediff.com,Male,152.188.233.240
816,Amitie,Adamoli,aadamolimn@ftc.gov,Female,194.65.64.160
817,Ursula,Sainthill,usainthillmo@bandcamp.com,Female,87.160.0.70
818,Arthur,Roll,arollmp@shinystat.com,Male,239.189.131.53
819,Laurena,Tuff,ltuffmq@sakura.ne.jp,Female,157.231.63.25
820,Austine,Botting,abottingmr@google.fr,Female,53.29.97.157
821,Elnora,Laffan,elaffanms@wikimedia.org,Non-binary,155.222.52.8
822,Ezekiel,Cauldfield,ecauldfieldmt@umn.edu,Male,90.179.181.164
823,Enrique,Lightowlers,elightowlersmu@ezinearticles.com,Male,73.251.102.72
824,Shay,Stollenberg,sstollenbergmv@rediff.com,Female,82.140.70.31
825,Melany,Coetzee,mcoetzeemw@amazon.co.jp,Bigender,3.22.196.215
826,Filippo,Girt,fgirtmx@ning.com,Male,93.154.221.171
827,Beret,McSharry,bmcsharrymy@livejournal.com,Female,38.145.38.13
828,Allyn,Budden,abuddenmz@netlog.com,Female,173.162.199.0
829,Linc,MacKenny,lmackennyn0@tripadvisor.com,Male,239.86.215.223
830,Miranda,Harrower,mharrowern1@vinaora.com,Female,39.216.123.14
831,Faustina,O'Doran,fodorann2@si.edu,Female,13.68.34.24
832,Vin,Emeny,vemenyn3@meetup.com,Male,31.252.59.74
833,Dolores,Soanes,dsoanesn4@aboutads.info,Agender,75.54.168.14
834,Thorvald,Hockey,thockeyn5@state.tx.us,Bigender,205.40.219.252
835,Bealle,Hunton,bhuntonn6@sina.com.cn,Male,96.179.188.151
836,Kari,Liccardi,kliccardin7@ustream.tv,Female,145.217.11.131
837,Nathaniel,Skuse,nskusen8@123-reg.co.uk,Male,167.88.62.114
838,Asher,Tingey,atingeyn9@miibeian.gov.cn,Male,135.43.119.44
839,Cissiee,Sebyer,csebyerna@google.com.br,Female,150.164.64.178
840,Will,Karchewski,wkarchewskinb@buzzfeed.com,Male,76.67.228.79
841,Rod,Eginton,regintonnc@naver.com,Male,110.195.213.216
842,Dorey,Witty,dwittynd@jugem.jp,Female,126.63.46.233
843,Callean,Mapledorum,cmapledorumne@t.co,Agender,173.18.30.254
844,Bernete,Buckler,bbucklernf@berkeley.edu,Female,125.105.246.58
845,Linnet,Limb,llimbng@ibm.com,Female,9.79.217.33
846,Renado,Ducker,rduckernh@nytimes.com,Agender,58.217.187.41
847,Branden,Fordy,bfordyni@yahoo.co.jp,Male,54.185.136.58
848,Bianca,Janman,bjanmannj@mozilla.org,Female,51.102.204.211
849,Hurleigh,Restieaux,hrestieauxnk@lulu.com,Male,19.15.58.216
850,Teriann,Stairmond,tstairmondnl@cnet.com,Female,91.194.10.109
851,Catha,Cockram,ccockramnm@cornell.edu,Female,61.117.112.189
852,Sherri,Joska,sjoskann@ucoz.ru,Female,208.104.73.140
853,Bar,Yakunchikov,byakunchikovno@unblog.fr,Male,122.72.54.18
854,Brigg,Thorsen,bthorsennp@chronoengine.com,Male,207.185.104.191
855,Pattie,Colbertson,pcolbertsonnq@unesco.org,Female,166.120.255.71
856,Damiano,Rolles,drollesnr@w3.org,Male,52.203.199.47
857,Brooke,Elcomb,belcombns@weibo.com,Female,30.138.133.228
858,Marcellus,Adney,madneynt@gravatar.com,Male,68.51.164.24
859,Kiley,Chicotti,kchicottinu@nasa.gov,Male,70.131.103.213
860,Willi,Ternault,wternaultnv@ed.gov,Female,203.64.189.245
861,Brianne,Le Blanc,bleblancnw@ask.com,Female,123.201.158.250
862,Sandor,Laslett,slaslettnx@go.com,Male,11.96.188.76
863,Loreen,Angeau,langeauny@spotify.com,Female,12.185.15.103
864,Tillie,MacAlaster,tmacalasternz@prweb.com,Female,112.185.131.85
865,Jemimah,Sobieski,jsobieskio0@topsy.com,Agender,125.168.17.24
866,Murdoch,Tomney,mtomneyo1@biglobe.ne.jp,Male,164.113.31.227
867,Audrye,Kesteven,akesteveno2@springer.com,Female,112.40.47.30
868,Cleavland,Dannett,cdannetto3@globo.com,Male,75.208.89.17
869,Todd,Bolitho,tbolithoo4@tripod.com,Male,11.253.14.183
870,Arri,Verdun,averduno5@linkedin.com,Genderqueer,163.239.189.248
871,Daveta,Boykett,dboyketto6@deliciousdays.com,Female,139.46.19.228
872,Abigale,Dubock,adubocko7@shop-pro.jp,Agender,218.136.221.88
873,Barron,Dunwoody,bdunwoodyo8@exblog.jp,Male,248.41.0.130
874,Fredra,Bosomworth,fbosomwortho9@opera.com,Female,137.195.136.190
875,Antonio,Cantera,acanteraoa@ft.com,Male,47.209.218.134
876,Susette,Milington,smilingtonob@t-online.de,Female,244.2.236.215
877,Jacintha,Asche,jascheoc@google.nl,Genderfluid,54.83.24.3
878,Donny,Lyddy,dlyddyod@unesco.org,Male,236.248.134.170
879,Jessie,Ghidini,jghidinioe@thetimes.co.uk,Male,121.133.138.43
880,Brynna,Lelande,blelandeof@chicagotribune.com,Female,136.230.14.207
881,Augie,Murty,amurtyog@redcross.org,Male,41.103.200.237
882,Rockwell,Croughan,rcroughanoh@oakley.com,Male,68.246.74.209
883,Lissie,Skip,lskipoi@go.com,Female,220.114.214.189
884,Darrel,Saffe,dsaffeoj@flavors.me,Male,174.145.128.224
885,Marcello,Stubbins,mstubbinsok@fema.gov,Male,61.35.224.18
886,Ario,Jagg,ajaggol@mlb.com,Male,77.168.61.5
887,Kinnie,McKennan,kmckennanom@hatena.ne.jp,Male,118.238.64.46
888,Kelsy,Spooner,kspooneron@shutterfly.com,Female,211.216.40.209
889,Kris,Deane,kdeaneoo@businesswire.com,Male,37.5.174.11
890,Darrin,Navan,dnavanop@devhub.com,Male,73.43.161.178
891,Silvana,Balazin,sbalazinoq@biblegateway.com,Female,236.145.82.136
892,Gillie,Brighouse,gbrighouseor@wisc.edu,Female,204.246.27.211
893,Florenza,Whiteman,fwhitemanos@e-recht24.de,Female,3.126.212.11
894,Samantha,Bosma,sbosmaot@house.gov,Female,156.154.12.71
895,Pasquale,Huxter,phuxterou@apache.org,Genderfluid,75.163.97.12
896,Freeland,Tommasetti,ftommasettiov@usgs.gov,Male,62.15.245.98
897,Theobald,O'Fearguise,tofearguiseow@cnbc.com,Male,71.58.60.147
898,Hillary,Gorham,hgorhamox@deliciousdays.com,Male,158.135.160.165
899,Perice,Nigh,pnighoy@last.fm,Male,58.37.246.195
900,Whitney,Denis,wdenisoz@sogou.com,Male,89.124.104.107
901,Davin,Hulburd,dhulburdp0@dmoz.org,Male,25.149.73.136
902,Hebert,Bediss,hbedissp1@yale.edu,Male,229.59.66.155
903,Eolanda,Collerd,ecollerdp2@list-manage.com,Female,77.6.196.89
904,Ichabod,Lantaph,ilantaphp3@unicef.org,Male,124.50.176.227
905,Bren,Belson,bbelsonp4@theglobeandmail.com,Female,224.152.197.8
906,Izaak,Ivimey,iivimeyp5@histats.com,Male,71.75.243.206
907,Paul,Coleson,pcolesonp6@loc.gov,Male,83.73.151.97
908,Amandi,Allington,aallingtonp7@yandex.ru,Female,215.211.117.192
909,Bennie,Capehorn,bcapehornp8@noaa.gov,Female,188.237.85.137
910,Anthia,Strike,astrikep9@scientificamerican.com,Female,44.121.72.84
911,Talyah,Menaul,tmenaulpa@woothemes.com,Female,131.90.237.239
912,Misty,Coule,mcoulepb@arizona.edu,Female,151.75.43.132
913,Darn,Massey,dmasseypc@webnode.com,Male,150.76.70.29
914,Pierette,Grimsdale,pgrimsdalepd@theatlantic.com,Genderqueer,186.77.201.204
915,Earvin,Divill,edivillpe@nifty.com,Male,82.57.165.160
916,Tildi,Bretherton,tbrethertonpf@phoca.cz,Female,130.12.8.128
917,Lorin,Wattam,lwattampg@timesonline.co.uk,Male,62.229.11.108
918,Leroi,Goodreid,lgoodreidph@scribd.com,Male,22.105.199.173
919,Deny,Clinch,dclinchpi@blinklist.com,Female,8.233.198.239
920,Rosaline,Messruther,rmessrutherpj@woothemes.com,Female,41.20.81.146
921,Chelsy,Olyonov,colyonovpk@google.co.uk,Female,15.171.114.69
922,Bucky,Christoffels,bchristoffelspl@rakuten.co.jp,Male,18.21.84.244
923,Vilhelmina,Kose,vkosepm@ebay.com,Bigender,127.35.125.68
924,Ketti,Wareing,kwareingpn@unblog.fr,Female,184.100.232.202
925,Tyrone,Nagle,tnaglepo@ucsd.edu,Male,248.166.66.153
926,Raphael,Vedenyapin,rvedenyapinpp@apache.org,Male,207.243.217.54
927,Fremont,Carren,fcarrenpq@wisc.edu,Polygender,203.101.235.129
928,Merlina,Goudard,mgoudardpr@thetimes.co.uk,Female,123.159.63.44
929,Xavier,Casiroli,xcasirolips@so-net.ne.jp,Male,13.241.35.113
930,Karlie,Kennaird,kkennairdpt@economist.com,Female,166.34.28.249
931,Leisha,Keatley,lkeatleypu@github.io,Female,247.80.148.201
932,Carolus,Gronav,cgronavpv@chronoengine.com,Male,126.225.172.200
933,Baldwin,Axtonne,baxtonnepw@amazon.co.uk,Male,53.218.111.224
934,Skell,Ginn,sginnpx@elpais.com,Male,40.53.183.91
935,Hoyt,Stoffler,hstofflerpy@sciencedirect.com,Male,14.219.183.200
936,Sylvan,Thomasson,sthomassonpz@stanford.edu,Male,8.179.71.2
937,Tonnie,Faulder,tfaulderq0@quantcast.com,Male,211.254.16.27
938,Merrili,Mariner,mmarinerq1@ning.com,Female,103.71.205.116
939,Joye,Kempe,jkempeq2@people.com.cn,Female,99.243.167.69
940,Artur,Rodman,arodmanq3@sphinn.com,Male,81.59.247.59
941,Rich,Koeppe,rkoeppeq4@imgur.com,Male,133.129.85.125
942,Clim,Ruecastle,cruecastleq5@csmonitor.com,Male,86.132.9.162
943,Saree,Kingswell,skingswellq6@economist.com,Female,204.241.86.159
944,Bessy,Akid,bakidq7@nasa.gov,Female,211.42.124.72
945,Anastasie,Rowantree,arowantreeq8@xrea.com,Female,10.132.214.226
946,Tull,Ropert,tropertq9@shop-pro.jp,Male,244.45.8.173
947,Albert,Rubinowitch,arubinowitchqa@dyndns.org,Male,194.41.104.85
948,Israel,Keith,ikeithqb@washington.edu,Male,244.162.209.89
949,Noll,Snarr,nsnarrqc@printfriendly.com,Male,162.204.83.41
950,Gregor,Beauvais,gbeauvaisqd@pcworld.com,Male,255.77.230.12
951,Emmie,Brownjohn,ebrownjohnqe@skyrock.com,Female,85.155.59.56
952,Andrus,Eilhermann,aeilhermannqf@msn.com,Male,164.116.177.5
953,Keefer,Buckerfield,kbuckerfieldqg@europa.eu,Male,253.177.57.174
954,Eda,Allibone,ealliboneqh@spotify.com,Female,128.37.42.25
955,Isidore,Navarijo,inavarijoqi@constantcontact.com,Non-binary,213.213.123.179
956,Myranda,Rosenqvist,mrosenqvistqj@dedecms.com,Female,242.45.65.5
957,Calvin,Swansbury,cswansburyqk@ask.com,Male,14.74.206.68
958,Meredith,Wedgbrow,mwedgbrowql@amazon.co.jp,Female,101.82.15.91
959,Egon,Shalders,eshaldersqm@theglobeandmail.com,Male,236.83.37.83
960,Jacky,O'Hoolahan,johoolahanqn@wisc.edu,Female,10.17.210.34
961,Cleo,McKillop,cmckillopqo@discuz.net,Bigender,35.170.225.31
962,Dahlia,Melbourn,dmelbournqp@princeton.edu,Female,4.44.78.212
963,Salome,Twinn,stwinnqq@baidu.com,Female,227.185.249.117
964,Eveline,Jodlkowski,ejodlkowskiqr@shareasale.com,Female,208.34.145.106
965,Rica,Petrenko,rpetrenkoqs@whitehouse.gov,Female,157.157.44.58
966,Stavros,Gravenall,sgravenallqt@ezinearticles.com,Male,230.41.229.175
967,Helaina,Avraam,havraamqu@opera.com,Female,102.133.177.86
968,Ambrosius,Riehm,ariehmqv@sitemeter.com,Male,172.94.102.54
969,Petronella,Willshear,pwillshearqw@xrea.com,Female,245.191.159.174
970,Ema,Rance,eranceqx@qq.com,Female,185.163.238.191
971,Meridith,Sedgmond,msedgmondqy@ycombinator.com,Female,234.219.123.175
972,Bette,Dermot,bdermotqz@altervista.org,Female,188.50.91.116
973,Ginnie,Twinterman,gtwintermanr0@blogtalkradio.com,Female,60.156.78.27
974,Madison,Pilgrim,mpilgrimr1@nps.gov,Male,23.201.16.178
975,Rhett,Growden,rgrowdenr2@businesswire.com,Male,87.212.255.19
976,Kissee,Hambers,khambersr3@seesaa.net,Female,177.219.100.222
977,Earle,Scarrott,escarrottr4@prlog.org,Male,106.106.12.207
978,Adrian,Cuddihy,acuddihyr5@admin.ch,Female,107.197.15.172
979,Alexandrina,Runnett,arunnettr6@sciencedirect.com,Female,38.122.106.51
980,Buffy,MacCaffrey,bmaccaffreyr7@nasa.gov,Female,43.74.211.38
981,Coletta,Roberson,crobersonr8@tamu.edu,Female,19.51.105.54
982,Garner,Amdohr,gamdohrr9@mapquest.com,Male,130.58.228.11
983,Lilly,Manlow,lmanlowra@nhs.uk,Female,88.106.196.11
984,Wiatt,Imesson,wimessonrb@youtube.com,Male,117.147.3.254
985,Bancroft,Winley,bwinleyrc@addthis.com,Male,82.213.15.67
986,Jessika,Pierpoint,jpierpointrd@yahoo.com,Female,100.37.232.16
987,Hasheem,Brannan,hbrannanre@squarespace.com,Male,137.107.200.209
988,Wesley,Hryncewicz,whryncewiczrf@dot.gov,Male,237.24.20.26
989,Caresa,Gilhouley,cgilhouleyrg@joomla.org,Female,19.94.251.241
990,Kaja,Glanert,kglanertrh@census.gov,Female,223.131.158.28
991,Broddie,Garioch,bgariochri@exblog.jp,Bigender,0.103.224.111
992,Feliks,Valentin,fvalentinrj@blogs.com,Polygender,3.10.212.148
993,Bruis,Venditto,bvendittork@imdb.com,Male,32.106.95.28
994,Dottie,Dinnis,ddinnisrl@gmpg.org,Female,204.120.130.26
995,Trstram,Voelker,tvoelkerrm@soundcloud.com,Male,162.213.95.196
996,Helaina,Rutherforth,hrutherforthrn@squidoo.com,Female,204.181.204.63
997,Cristian,Littrik,clittrikro@people.com.cn,Male,181.86.63.47
998,Susana,Vanderson,svandersonrp@nbcnews.com,Female,109.82.62.45
999,Tommie,Joncic,tjoncicrq@ezinearticles.com,Male,154.103.139.226
1000,Lin,Stook,lstookrr@infoseek.co.jp,Male,87.54.36.76
